<?xml version="1.0" encoding='ISO-8859-1' standalone='yes' ?>
<TestRun>
  <FailedTests>
    <FailedTest id="3">
      <Name>TestBasicMath::testSubstraction</Name>
      <FailureType>Assertion</FailureType>
      <Location>
        <File>TestBasicMath.cpp</File>
        <Line>56</Line>
      </Location>
      <Message>assertion failed
- Expression: 15 == mTestObj-&gt;Substraction(15,10)
</Message>
    </FailedTest>
  </FailedTests>
  <SuccessfulTests>
    <Test id="1">
      <Name>TestBasicMath::testAddition</Name>
    </Test>
    <Test id="2">
      <Name>TestBasicMath::testMultiply</Name>
    </Test>
  </SuccessfulTests>
  <Statistics>
    <Tests>3</Tests>
    <FailuresTotal>1</FailuresTotal>
    <Errors>0</Errors>
    <Failures>1</Failures>
  </Statistics>
</TestRun>
